{"Bike Shops":1,"Users":27,"motorway":7096.009643859707,"motorway_link":2106.123243999924,"tertiary":8590.988343124689,"":308422.2139795457,"secondary":6462.951997004876,"primary":4055.5371314192,"service":8467.369135969511,"cycleway":3624.5253600898022,"residential":24482.569828907057,"footway":11230.351444926046,"track":628.6756288927559,"pedestrian":23.454390439885962,"unclassified":1648.0036874273028,"path":2571.8361516433174,"steps":9.700916510040773,"secondary_link":91.86928328302575,"construction":26.57611260116561}
